,Content,Timestamp,Coordenadas,Delito
0,"Ladrones le roban una mujer y le dan un patazo en la barriga. Ocurrió en la Cdla. Los Esteros, sur de Guayaquil. ",2021-01-08 19:09:00,"-2.2438091, -79.9066763",1
1,"Deliencuentes en moto le robaron a un ciudadano que iba con su pareja. Ocurrió en el Guasmo Central, Coop. Venecia cerca de las 5 esquinas, sur de Guayaquil. ",2021-01-09 20:26:00,"-2.2805355, -79.8757351",1
2,"Hombre disfrazado como obrero y con casco mató con varios disparos a un hombre de 30 años que estaba en el portal de su casa, una de las balas le cayó en la cabeza a una niña de 1 año y también murió. Ocurrió en las calles Garcia Moreno y la A, Guayaquil. ",2021-01-19 18:11:00,"-2.2162051, -79.90212799999999",1
3,"Nuevo caso de sicariato! En el sur de Guayaquil, sopeña al pie de la primax",2021-01-22 18:54:00,,1
4,"VIOLENTO ROBO EN UN BUS Delincuentes le dispararon a un policía para evitar ser detenidos, la rápida acción de los uniformados permitió la captura. Ocurrió en La Ladrillera, Guayaquil. ",2021-01-26 12:06:00,"-2.0844835, -79.9309719",1
5,"NO LES IMPORTÓ EL NIÑO, IGUAL ROBARON Sujetos armados les robaron las pertenencias a 2 jóvenes que se encontraban afuera de una tienda ubicada en la Cdla Guayacanes, norte de Guayaquil. El niño pensó que era un juego. A uno de los afectadosle dieron una bofetada. ",2021-01-31 12:24:00,"18.4249461, -69.4575979",1
6,"Asalto ocurrido el día de hoy en las calles 17 y Cuenca, la víctima esperaba el bus para dirigirse a su trabajo",2021-02-02 14:41:00,,1
7,"DELINCUENTES DISFRAZADOS COMO POLICIAS Fingieron un allanamiento y robaron $11.000 de una avicola de pollos ubicada en el bloque 10 de la Flor de Bastión, noroeste de Guayaquil. Los sujetos dispararon 3 veces para amedrentar a los trabajadores del negocio.",2021-02-03 07:55:00,"-2.1035171, -79.9559316",1
8,VIOLENTO ROBO A PERIODISTA DEPORTIVO Mientras el comunicador realizaba su trabajo en los exteriores del Estadio de #BarcelonaSC fue asaltado por un sujeto armado. El hecho quedó grabado porque la cámara nunca la apagaron. ,2021-02-12 17:42:00,,1
9,PEDÍAN MEDIO MILLÓN DE DÓLARES PARA LIBERARLO El buen trabajo de la UNASE permitió la liberación a de un ciudadano asiático que fue secuestrado en el norte de Guayaquil.,2021-03-06 19:09:00,,1
10,"Urgente Familia completa descuartizada en el Guasmo sur coop Proletario sin tierra. El papá, mamá, nuera y 2 niños serían los asesinados hasta el momento.",2021-03-13 16:41:00,"-2.2805355, -79.8757351",1
11,"Asalto a las 07:23am en la Av Plaza Dañin por un local de antigüedades, norte de Guayaquil. ",2021-03-17 07:23:00,"-0.1407541, -78.4794568",1
12,"Persona decapitada fue abandonada en la Ciudadela Los Esteros, sur de Guayaquil. El cuerpo esta en un saco de yute y la cabeza en otro saco. El cadáver fue lanzado a la calle a pocos metros de la UVC de la Policía y diagonal a una Iglesia. ",2021-03-19 08:35:00,"-2.2438091, -79.9066763",1
13,"Sujeto asesinó a Guía penitenciaria que viajaba en un bus. Ocurrió en la Av Narcisa de Jesús, norte de Guayaquil. El criminal viajaba en la misma unidad que la víctima, se acercó a ella y le disparó, el crimen quedó grabado. ",2021-04-08 21:20:00,"-2.2514992, -79.8793833",1
14,"Tres sujetos intentaron robarle la cartera a una señora. Al no dejarse robar la golpearon y la tumbaron a la calle. Ocurrió en la Cdla. Mucho Lote 1, norte de Guayaquil.",2021-04-10 16:19:00,"-2.0817392, -79.9206694",1
15,"Observen como robaron a los ocupantes de un vehículo en los exteriores del Mercado Central, centro de Guayaquil. ",2021-04-14 11:50:00,"-2.194905, -79.884937",1
16,"Ballen y 6 de marzo, a la altura del mercado central. Como roban los supuestos vendedores de agua. Tener cuidado de no andar con los vidrios abajo y no comprar nada en los semáforos del sector",2021-04-14 13:02:00,"-2.194905, -79.884937",1
17,Sujetos a bordo de un vehículo rojo se bajaron para robarle a un joven que se encontraba comiendo maduro con queso en el sector de los Vergeles,2021-04-23 10:12:00,"-2.2514992, -79.8793833",1
18,"Policía es asesinado por robarle. Ocurrió en la Trinitaria - Guayaquil. El agente estaba de civil y se movilizaba en un carro particular. Delincuentes se le acercaron con la intención de robarle y le dispararon en el abdomen, perdió la vida en el Hospital. ",2021-04-21 20:11:00,"-2.2402791, -79.9220686",1
19,El robo sucedió en Sauces 6. La placa de la moto es placa IM276S. ,2021-04-27 21:12:00,,1
20,"5 ladrones con cuchillos robaron en un bus de servicio Urbano. Informan que ocurrió cuando la unidad circulaba por la Av Narcisa de Jesús, norte de Guayaquil.",2021-04-30 06:17:00,"-2.2514992, -79.8793833",1
21,Sicarios vestidos como Policías ingresaron a la Clínica kennedy (Av del Periodista) norte de Guayaquil y asesinaron a una paciente con varios disparos.,2021-05-05 08:34:00,"-0.1407541, -78.4794568",1
22,Sicarios disfrazados de policías matan a una mujer en la Clínica Kennedy de Urdesa. Pésima seguridad en esta clínica.,2021-05-05 08:56:00,"-0.1407541, -78.4794568",1
23,"Con silenciador asesinaron a un hombre afuera de su casa ubicada en Portete y Pío Montufar, centro sur de Guayaquil. Los asesinos estaban encapuchados y habrían quedado grabados. Se descarta el robo porque a la víctima no se le llevaron sus pertenencias. ",2021-05-12 09:40:00,"-2.2126226, -79.912514",1
24,Otro asalto más al Noroeste de Gye. Se conoce que los antisociales le robaron $200 a la víctima que ven en el video.,2021-05-13 12:15:00,,1
25,"En Los Vergeles, norte de #Guayaquil, cuatro delincuentes armados que se movilizaban en motocicletas asaltaron a una mujer embarazada en los exteriores de su domicilio y le robaron 5 000 dólares. ",2021-05-14 13:00:00,"-2.2514992, -79.8793833",1
26,"Sicarios en moto asesinaron a un hombre de 36 años cuando sacaba el carro de un garage ubicado en la 41 y la O, Guayaquil. La víctima tenía 2 semanas en el país, recién habia llegado de España. No le robaron, familiares indican que quizás se confundieron.",2021-05-17 08:55:00,"-2.2277542, -79.93954389999999",1
27,"EN SEGUNDOS DELINCUENTE SE ROBA LOS RETROVISORES DE LOS CARROS Moradores están hartos de estos sujetos en Sauces IV, norte de Guayaquil, todos los días se roban los accesorios de los carros en cuestión de segundos. ",2021-05-19 05:38:00,,1
28,"Sicariato, sauces 7",2021-05-19 22:41:00,,1
29,"OTRA MUERTE VIOLENTA EN GUAYAQUIL Con más de 10 balazos asesinaron a un hombre cuando sacaba su carro del garage en la Coop. San Francisco 2, ubicada frente a la Cárcel Regional. Se descarta el robo, no se le llevaron nada. Los criminales escaparon caminando.",2021-05-26 10:29:00,,1
30,"Con 14 balazos asesinaron a (a) El Toro en la Isla Trinitaria, sur de GYE. El Toro era propietario de una barbería, llegaron 2 sujetos haciéndose pasar como clientes, a lo q abrió la puerta lo acribillaron. La víctima había sufrido 5 atentados y registraba 5 detenciones.",2021-05-27 10:47:00,"-2.2402791, -79.9220686",1
31,"Delincuentes les robaron a los comensales de un restaurante en Sauces 8, norte de Guayaquil. ",2021-06-06 21:24:00,,1
32,"El copiloto armado trató de robarle las pertenencias a la víctima, incluso tenía la intención de llevársele el carro. El taxista aguanto golpes y amenazas y no se dejó asaltar.",2021-06-07 14:59:00,,1
33,"Robaron en un local de electrodomésticos en Colón y Pichincha, Bahía de Guayaquil. El populacho enardecido destruyó el carro en el q se movilizaba un supuesto cómplice. 2 sujetos escaparon en una moto y uno fue retenido. El robo sería de $20.000. ",2021-06-10 14:27:00,"-2.194905, -79.884937",1
34,Cámaras de seguridad captaron a los 3 delincuentes por robarle apuñalaron en el corazón la madrugada de este miércoles a un joven de 24 años que se dirigía a su trabajo. Ocurrió en la Garzota norte de Guayaquil.,2021-06-16 04:14:00,,1
35,"Así roban a transeúntes en 10 de Agosto y 6 de Marzo, centro de Guayaquil.",2021-06-18 13:39:00,,1
36,Intento de secuestro en el sector San Eduardo al Norte de Guayaquil,2021-06-18 23:04:00,,1
37,Sicariato en la Prosperina,2021-06-21 23:53:00,,1
38,"IMPARABLES LOS ROBOS Ladrones armados que se movilizaban en un carro le robaron a un transeúnte. Ocurrió en las calles Bolivia y 6 de Marzo, centro sur de Guayaquil. ",2021-06-23 15:38:00,"54.5259614, -105.2551187",1
39,"Asesinan con 20 balazos al conductor de una camioneta cuando circulaba por la Av Ernesto Alban y Av 25 de Julio, sur de Guayaquil. ",2021-06-24 16:06:00,"-2.2349311, -79.9002713",1
40,"Sicarios mataron a un hombre en el sector conocido como la entrada de la 8, noroeste de Guayaquil. Policía en el punto. ",2021-06-24 22:21:00,"-2.1230321, -79.9514464",1
41,"Cámara capta asalto a mano armadq. Se le llevaron la moto y el casco, en medio del robo el ladrón disparó. Ocurrió en las calles San Martín entre la 13 y la 14",2021-06-25 16:53:00,"-2.2126226, -79.912514",1
42,"Delincuente rompe la ventana de una camioneta y comete el robo. Ocurrió a plena luz del día en la Av principal del Paraíso de la Flor, noroeste de Guayaquil",2021-06-27 11:09:00,"-2.1035171, -79.9559316",1
43,Roban un carro dentro del malecón!! Y nadie se hace responsable!! Entonces para que pagamos $1.50 la hora ahí adentro???,2021-07-21 09:07:00,"-2.187904, -79.881483",1
44,"El día de hoy, a eso de las 10 am, sujetos robaron a un cliente de una lavadora de autos en acuarelas del Río, S.12, Sauces 4, justo antes del 2do puente a Sambo Los ladrones se movilizaban en un auto kia picanto GSV 4833. Si alguien puede ayudar con los nombres del propietario",2021-07-24 18:08:00,,1
45,#ULTIMAHORA mataron a alias #Ñorki en el guasmo sur estaba involucrado en la muerte de #EfrainRuales,2021-07-24 19:48:00,"-2.2805355, -79.8757351",1
46,#Guayaquil #Delincuencia Ciudadanos capturado a un Ladrón que le había robado un teléfono celular a una Mujer que estaba en la fila para la Vacunación. Ocurrió en Mucho Lote,2021-07-27 09:31:00,"-2.0817392, -79.9206694",1
47,#Guayaquil #Operativo Policías capturaron a unos presuntos Delincuentes en el sector de la Atarazana,2021-07-27 06:34:00,"-2.1765929, -79.88714689999999",1
48,Se reporta un nuevo caso de sicariato!! Asesinan a una persona en Samanes! Guayaquil tierra de nadie,2021-07-29 22:37:00,"-2.1138988, -79.899003",1
49,Así fue el Sicariato ocurrido en la isla trinitaria! Que pena por Guayaquil.Hemos caído tan bajo. Tierra de nadie,2021-08-28 13:07:00,"-2.2402791, -79.9220686",1
50,OTRO CASO DE SICARIATO! 35 y letamendi!!,2021-08-28 18:24:00,"-2.2126226, -79.912514",1
51,"#Guayaquil #Sicariato Reportan Un Caso de Sicariato en la Avenida Casuarina , Norte de Guayaquil",2021-08-28 17:25:00,"-2.1222554, -79.9679769",1
52,"!DELINCUENCIA IMPARABLE! En un restaurante ubicado en Sauces 6, al norte de #Guayaquil , 2 hombres armados y una mujer arrebataron las pertenencias de las personas que se encontraban dentro del local.",2021-08-28 11:46:00,,1
53,"#Guayaquil  Reportan un Sicariato en la 43 y la Q  , una Persona conocida con el alias "" Fofo "" fue baleada en el Suburbio de Guayaquil",2021-08-29 15:35:00,"-2.2277542, -79.93954389999999",1
54,"Se le queda atrapado el brazo a este delincuente que quiso robar una F150 en Urdesa, Guayaquil.",2021-09-13 12:18:00,"-2.1620979, -79.9116519",1
55,Asalto en la 13va y Vacas Galindo en Gye.,2021-09-15 01:06:00,"-2.2126226, -79.912514",1
56,Asalto en Kennedy Norte en Gye,2021-09-15 01:28:00,"-0.1407541, -78.4794568",1
57,#Guayaquil #Delincuencia Delincuentes en Motos Asaltaron y Tocaron indebidamente a 2 Mujeres en el sector de Guayacanes al Norte de la Ciudad,2021-09-25 11:03:00,"18.4249461, -69.4575979",1
58,"#Guayaquil, Reportan un Caso de Sicariato en la Cooperativa Trinidad de Dios al Norte de Guayaquil",2021-09-28 16:46:00,"28.5392576, 33.9749193",1
59,"#URGENTE: sube a 35 el número de muertos en el enfrentamiento de hoy en la Penitenciaría del Litoral, en #Guayaquil.",2021-09-28 10:06:00,"-2.0721549, -79.9345141",1
60,Nuevo motín en cárcel de #Guayaquil deja al menos 30 reclusos muertos.El episodio de violencia arrancó con un enfrentamiento entre bandas rivales. Es el tercero en lo que va de año. La cifra de muertes en centros penitenciarios de #Ecuador se ha triplicado en 2021.,2021-09-29 17:15:00,"-2.0721549, -79.9345141",1
61, ALERTA Continúan detonaciones de arma de fuego en la #PenitenciariaDelLitoral de #Guayaquil.  Noticia en desarrollo.,2021-09-29 23:59:00,"-2.0721549, -79.9345141",1
62,Policías detienen a delincuente por la calle Miguel H. Alcivar en Guayaquil,2021-10-07 11:00:00,"-2.1765929, -79.88714689999999",1
63,Robo de retrovisores en menos de 10 segundos.,2021-10-13 06:47:00,"-2.2277542, -79.93954389999999",1
64,Disturbios fuera de Urbanización Metrópolis 2. Habría ocurrido porque la seguridad desalojó del parque a esta mujer que se encontraba armada con un cuchillo y bajo la influencia de estupefacientes según nos reportan.,2021-10-13 06:43:00,,1
65,URGENTE Reportan Balacera en el Centro Comercial Policentro en Guayaquil causada por dos delincuentes que intentaron robar un banco en dicho centro comercial.,2021-10-14 16:04:00,"-0.1407541, -78.4794568",1
66,"Ladrón que venía robando en una casa, es atrapado en un bus. Esto fue lo que pasó cuando lo agarraron. Sucedió en el Sur de Guayaquil",2021-10-15 09:55:00,"-2.2277542, -79.93954389999999",1
67,"Asesinan a una mujer con 5 tiros cerca de un parque en Sauces 6, Guayaquil",2021-10-18 19:58:00,,1
68,"Delincuentes capturados por la  @PoliciaEcuador Cuatro delincuentes asaltaron un cyber en sur de Guayaquil, un fuerte contingente policial logró detenerlos, uno de los delincuentes fue abatido producto a la resistencia en la captura.",2021-10-21 15:15:00,"-2.2277542, -79.93954389999999",1
69,"Volvimos a un día normal en GuayaKill!! Asaltan a un señora que iba con su celular en la mano con la ventana abajo!!! Esto fue al sur de la ciudad, por la coviem",2021-10-21 18:02:00,,1
70,ADVERTENCIA: Imágenes fuertes Asesinan al velocista Ecuatoriano Álex Quiñónez y a otra persona más en #Guayaquil en Colinas de la Florida. Compartimos el video en el sitio.,2021-10-22 23:22:00,"-2.1230321, -79.9514464",1
71,"Asalto en GuayaKill! La delincuencia no para!! Un sujeto fue sorprendido por un ladrón y su acompañante venía en una moto, esto ocurrió en colinas de la alborada",2021-10-22 17:01:00,,1
72,"Si ya saben que estamos en la #$&##$ con la delincuencia, porque dan papaya así?! Esto ocurrió hace pocos minutos en Vergeles al norte de GuayaKill",2021-10-22 11:01:00,"-2.2514992, -79.8793833",1
73,"Repitan conmigo: NO DEBO IR CON EL CELULAR EN LA MANO, CON LA VENTANA ABAJO EN TRÁFICO PESADO EN GUAYAQUIL. Si valoran sus pertenencias #NoDenPapaya",2021-10-23 18:43:00,"-2.194905, -79.884937",1
74,Comerciantes del sector comercial La Bahía en Guayaquil atrapan a delincuente y le dan paliza ,2021-10-24 21:01:00,"-2.194905, -79.884937",1
75,Delincuente atrapado por ciudadanos en el norte de Guayaquil en la cdla. Martha de Roldós. Su complice era una mujer que logró darse a la fuga. Ambos robaban con cuchillos. Vean el video.,2021-10-27 17:28:00,"-2.2758147, -79.887782",1
76,ATENCIÓN Vendedor ambulante impide robo en el centro de Guayaquil. Por más gente así,2021-10-27 15:48:00,"-2.194905, -79.884937",1
77,"Así roban en #Guayaquil. Delincuentes asaltaron a los ocupantes de un carro en Lomas de Urdesa, norte de la ciudad. #Inseguridad",2021-10-28 23:56:00,"-2.1620979, -79.9116519",1
78,"Con las manos en la masa. Veinte detenidos y 1.5 toneladas de cocaína incautada dejó un operativo entre Policía y Fiscalía en un galpón ubicado en la Av. Narcisa de Jesús, norte de #Guayaquil. Los descubrieron mientras cargaban un contenedor que tenía como destino Nueva Zelanda.",2021-10-29 13:56:00,,1
79,Guasmo Sur Policía Nacional capturó a un delincuente que aprovechaba la Madrugada para asaltar en Domicilio,2021-10-29 21:18:00,"-2.2805355, -79.8757351",1
80,"Ni el ""gusanito"" se salva. Delincuentes robaron dinero en efectivo y celulares a un grupo de personas que estaban dentro de este vehículo de diversión, a la altura de Guerrero Martínez y Francisco de Marcos, sur de #Guayaquil. ",2021-10-29 12:18:00,"-2.2126226, -79.912514",1
81,"Asalto en estos momentos, en la av plaza dañin, frente al hogar San José",2021-11-09 13:42:00,"-0.1407541, -78.4794568",1
82,#Guayaquil #Delincuencia Intento de Robo se registró en Mucho Lote 2 al Norte de la Urbe,2021-11-29 13:25:00,"-2.0646512, -79.8926809",1
83,Delincuentes disparan a ciudadano en el sector de Los Ceibos en la calle José de Rubira Ramos en #Guayaquil,2021-12-02 15:07:00,"-2.1666402, -79.94511349999999",1
84,"#ATENCIÓN En plena fiesta navideña, un ciudadano fue captado mostrando una arma de grueso calibre en las calles, en la 14 y Venezuela, sector La Chala, sur de #Guayaquil",2021-12-25 14:42:00,,1
85,"Intento de robo en la via Daule, policías se percatan y actúan enseguida, pero se les va el de la moto",2021-12-28 13:51:00,,1
86,URGENTE!! Se reporta intento de fuga masiva en la penitenciaria!!,2021-12-28 12:29:00,"-2.0721549, -79.9345141",1
87,"#Guayaquil #Cronica Un Sujeto fue Baleado en el Guasmo Norte , al Sur de la Urbe",2021-12-28 21:02:00,"-2.254868, -79.87929869999999",1
88,Video sobre el sicariato en la salida del parqueo de @MALLDELSOL_EC esta noche.,2021-12-30 01:29:00,"-2.1522715, -79.8919811",1
89,Hombre se salva de ser asesinado en el Guasmo sur en Guayaquil,2021-12-30 13:27:00,"-2.2805355, -79.8757351",1
90,Delincuentes en moto se le robaron el celular a un ciudadano cuando entraba a su domicilio en el sector de Nueva Prosperina al norte de la ciudad,2022-12-30 20:30:02,"-2.1222554, -79.9679769",1
91,Delincuentes en moto intentaron asaltar a una persona en las Malvinas al sur de la ciudad,2022-12-30 18:15:10,"-2.2124625, -79.9008714",1
92,Una Banda de delincuentes intentan robar a ocupantes de un vehículo en la Perimetral a la altura del Trinipuerto,2022-12-30 15:27:06,"-2.2402791, -79.9220686",1
93,Video muestra como fue el ataque armado que paso en bloques de la Valdivia al sur de la ciudad,2022-12-29 11:03:15,"-39.8173788, -73.24253329999999",1
94,"Sujetos armados dispararon a varias personas que se encontraban jugando naipes en el sector de bloques de la Valdivia al sur de la ciudad, reportes preliminares indican 2 muertos y 2 heridos",2022-12-29 10:12:07,"-39.8173788, -73.24253329999999",1
95,Delincuente intento meterse a un domicilio luego subirse por una pared sucedió en Los Esteros al sur de la ciudad,2022-12-29 10:03:09,"-2.2438091, -79.9066763",1
96,"En un rapido operativo, la policía capturó a delincuentes que cometieron un asalto en el sector de Fertisa al sur de la ciudad",2022-12-28 20:41:03,"-2.2553371, -79.9000381",1
97,Un vehículo y parte de una vivienda sufrieron daños debido a un ataque con un artefacto explosivo en el sector de Urdesa al norte de la ciudad,2022-12-28 19:54:17,"-2.1620979, -79.9116519",1
98,Delincuentes asaltaron una peluquería ubicada en el Guasmo Sur,2022-12-27 18:20:37,"-2.2805355, -79.8757351",1
99,"En Pascuales encontraron la cabeza de un hombre decapitado, aún se desconoce el paradero del resto del cuerpo. En este mes de diciembre es el tercer descubrimiento de este tipo de suceso que se da en esa parte de la ciudad.",2022-12-27 17:50:09,"-2.0721549, -79.9345141",1
100,Se registró un caso Sicariato en el sector de la Gallegos Lara al norte de la ciudad,2022-12-25 15:27:45,,1
101,Varios ataques se reportaron en algunas cooperativas del Guasmo Sur donde datos preliminares informan de 5 muertos y 5 heridos en ambas cifras hay víctimas colaterales incluidos menores de edad,2022-12-24 21:20:18,"-2.2805355, -79.8757351",1
102,Con ambiente de nochebuena y navidad en las últimas horas se  reportaron un caso de sicariato en paraíso de la flor,2022-12-24 20:14:36,"-2.0963827, -79.9430537",1
103,Delincuentes asaltaron violentamente a una mujer en Mucho Lote 1 etapa 3 al norte de la ciudad;,2022-12-24 16:15:20,"-2.0817392, -79.9206694",1
104,Un objeto explosivo fue arrojado a una vivienda ubicada en la calle 17 y Medardo Ángel Silva;,2022-12-24 15:49:51,"-2.2277542, -79.93954389999999",1
105,Una pandilla de delincuentes asaltó violentamente un camión repartidor de cervezas en el sector de Virgen del Quinche ubicado en el Guasmo Sur,2022-12-23 16:25:30,"-2.2805355, -79.8757351",1
106,"Se registró un caso de sicariato en el interior de un negocio con el saldo de 2 fallecidos ( una mujer fue víctima colateral del suceso ) además se reporta un herido, sucedió en Mapasingue Este cerca a la Av. Costanera;",2022-12-21 22:19:59,"-2.155993, -79.9215725",1
107,Una Persona fue encontrada desmembrada en la perimetral sentido Sur-Norte por el sector de la Trinitaria;,2022-12-21 20:56:47,"-2.2402791, -79.9220686",1
108,Delincuentes llegan en un carro para robarse algunos accesorios de un vehículo que se encontraba parqueado en la Garzota al norte de la ciudad,2022-12-20 18:20:06,"-2.1478685, -79.8929407",1
109,"Delincuentes fueron capturados cuando robaban en un bus en la Avenida Quito, centro de la ciudad",2022-12-15 18:09:57,"-2.194905, -79.884937",1
110,Delincuente asaltó a una persona en el sector de García Avilés entre Luque y Vélez pleno centro de la ciudad,2022-12-06 17:59:04,"-2.194905, -79.884937",1
111,Delincuentes asaltaron a algunas personas incluidas a trabajadores de interagua sucedió en colinas de la florida al norte de la ciudad;,2022-12-06 17:38:59,"27.6648274, -81.5157535",1
112,"Agente de la @ATMGuayaquil, capturó a un delincuente en el centro de la ciudad cuando intentaba robar a una mujer",2022-12-06 15:03:20,"-2.194905, -79.884937",1
113,"Observen como delincuentes asaltaron a una persona que llegaba a su domicilio luego de salir de una entidad bancaria, sucedió en la Cdla Acuarelas del Río",2022-12-05 11:07:34,,1
114,Un caso de Sicariato se registró en flor de bastion bloque 21,2022-11-28 13:24:43,"-2.1035171, -79.9559316",1
115,"Un caso de sicariato se registró en la nueva prosperina, la víctima era un reciclador del sector",2022-11-15 22:36:01,"-2.1222554, -79.9679769",1
116,Delincuente no le importo que había un menor de edad para robar en la Alborada Tercera Etapa al norte de la ciudad,2022-11-11 21:57:05,,1
117,Terror en la gente de flor de bastion bloque 4 debido a una balacera que dejó algunos heridos,2022-11-09 21:26:54,"-2.1035171, -79.9559316",1
118,Delincuente asaltó a una mujer que iba con su hijo en brazos sucedió en Juan Montalvo al norte de la ciudad,2022-10-06 20:21:06,,1
119,"Delincuentes en moto asaltaron a 2 personas en Mapasingue Este, al norte de la ciudad",2022-10-05 15:49:05,"-2.155993, -79.9215725",1
120,Trabajador que entregaba mercadería fue asaltado en la mapasingue al norte de la ciudad,2022-10-02 12:30:28,"-2.155993, -79.9215725",1
121,Delincuente fue capturado cuando asaltaba en Sauces 4 al norte de la ciudad,2022-09-24 22:39:40,,1
122,"Delincuentes de nacionalidad extranjera, robaron a un ciudadano en Sauces 6 al norte de la ciudad",2022-09-18 19:06:08,,1
123,Se reporta un caso de Sicariato en la perimetral a la altura de la Prosperina,2022-09-12 18:59:05,,1
124,Lamentablemente un menor de 13 años falleció al ser una víctima colateral de un caso de sicariato que se registró la tarde de ayer en flor de bastion bloque 4,2022-09-11 17:16:35,"-2.1035171, -79.9559316",1
125,"Un ciudadano fue asaltado en las calles 36 y la E, suburbio de la ciudad;",2022-09-10 12:45:27,"-2.2277542, -79.93954389999999",1
126,"Videos muestra como fue el sicariato de una persona conocida con el alias de "" Gary "" en el cerro de mapasingue este",2022-09-09 12:35:48,"-2.155993, -79.9215725",1
127,Sujetos arrojaron un artefacto explosivo en un domicilio ubicado en el Guasmo Sur;,2022-09-05 10:07:32,"-2.2805355, -79.8757351",1
128,"Alrededor de 20 disparos recibió el policía que fue asesinado en el Guasmo Sur, cuando salía de su turno de amanecida",2022-08-17 16:36:04,"-2.2805355, -79.8757351",1
129,Delincuente asaltó en un taller de pinturas ubicado en la 17 y Francisco de Marcos al suroeste de la ciudad,2022-08-15 15:46:38,"-2.2277542, -79.93954389999999",1
130,"Cómo aves de rapiñas, delincuentes asaltaron a un ciudadano que se encontraba al interior de su vehículo en los Ceibos al norte de la ciudad",2022-08-04 10:30:07,"-2.1666402, -79.94511349999999",1
131,Delincuente en moto se robó un accesorio de un vehículo en Guerrero Valenzuela y Argentina,2022-07-17 22:46:25,"-2.2165327, -79.92324719999999",1
132,Reportan un caso de Sicariato en Flor de Bastión Bloque 4 al norte de la ciudad,2022-07-11 22:16:59,"-2.1035171, -79.9559316",1
133,En la Floresta 2 se reportó un caso de sicariato dejando un saldo de 2 personas heridas hasta el momento,2022-07-11 21:19:24,,1
134,Delincuente se robó unos retrovisores de un vehículo en Leonidas García y Portete para luego huir junto a su compinche en una motocicleta,2022-07-09 20:16:27,"-2.2277542, -79.93954389999999",1
135,"Vídeo muestra como fue el sicariato en la Cooperativa Pastor Vera, sector Juan Montalvo dejando como saldo 2 fallecidos y un mujer gravemente herida",2022-06-21 22:20:15,,1
136,Un caso de Sicariato se registró en el sector de Urdenor 1 al norte de la ciudad,2022-06-12 18:16:08,"-2.1462974, -79.90317759999999",1
137,"4 personas fueron asesinadas en el sector de Flor de Bastión al norte de la ciudad, los crímenes se deben a peleas entre bandas;",2022-06-11 15:09:27,"-2.1035171, -79.9559316",1
138,Vídeo muestra como fue el sicariato en la martha de roldos en la tarde de ayer,2022-06-10 13:24:09,"-2.2758147, -79.887782",1
139,"Delincuentes asaltaron la estación de la cooperativa Pascuales ubicada en Puente Lucia, al norte de la ciudad",2022-06-10 11:35:01,"-2.0721549, -79.9345141",1
140,Reportan un caso de sicariato en la Martha de Roldos al norte de la ciudad,2022-05-21 20:16:28,"-2.2758147, -79.887782",1
141,Delincuente en la compañía de un menor de edad asaltaron un asadero de pollos en Mucho Lote 1,2022-05-17 19:24:49,"-2.0817392, -79.9206694",1
142,Delincuentes asaltaron en un local en el sector de Guayacanes al norte de la ciudad,2022-05-06 18:36:47,"18.4249461, -69.4575979",1
143,Delincuentes le robaron el celular a una mujer en el Guasmo Sur,2022-05-01 16:07:38,"-2.2805355, -79.8757351",1
144,Hace pocos minutos se registró un caso de sicariato en el sector de la entrada de la 8,2022-04-30 22:04:26,"-2.1230321, -79.9514464",1
145,"Delincuentes asaltaron a unas personas en Sauces 9, al norte de la ciudad",2022-04-27 21:28:02,,1
146,Reportes indican que un Cabo Primero de la Policia fue asesinado en los exteriores de un TUTI ubicado en Monte Sinai,2022-04-26 20:42:36,"28.5392576, 33.9749193",1
147,Banda de delincuentes en algunas motos asaltó un bus de la Línea 160 en en el sector de La Ladrillera,2022-04-26 19:19:01,"-2.1230321, -79.9514464",1
148,Sicarios se metieron al interior de una casa ubicada en el guasmo sur para acabar con la vida de una persona,2022-04-25 18:15:32,"-2.2805355, -79.8757351",1
149,Mujeres roban astutamente en un local de ropa en el sector de Sauces 8,2022-04-25 16:50:24,,1
150,"Pistoleros se grabaron cuando acabaron la vida de una persona conocida con el alias de "" Orejas "" en el sector de Socio Vivienda 2",2022-04-21 16:16:02,"-2.0950184, -79.9867898",1
151,"En el sector de la Huancavilca Sur , delincuente asaltó con cuchillo en mano a una mujer que caminaba por el sector",2022-04-16 15:40:46,"-2.2349311, -79.9002713",1
152,Reportan un caso de sicariato en Bastión Popular al norte de la ciudad,2022-04-14 15:02:01,"-2.0844835, -79.9309719",1
153,Delincuente trepó una muro para robar a un vehículo que transitaba en la perimetral en sentido sur a norte a la altura de las Malvinas,2022-04-09 14:31:24,"54.5259614, -105.2551187",1
154,"Delicuente asaltó un cyber ubicado en valle de la flor, al norte de la ciudad",2022-04-09 13:40:19,"-2.1222554, -79.9679769",1
155,Delincuentes en moto asaltaron a una persona en mapasingue este al norte de la ciudad,2022-04-06 13:08:15,"-2.155993, -79.9215725",1
156,Delincuentes entraron a un local ubicado en el barrio del seguro para robarse $5000 para luego huir en una motocicleta,2022-04-06 13:56:49,,1
157,Delincuentes asaltaron a un camión repartidor de lácteos en el sector de Los Vergeles,2022-04-05 11:36:47,"-2.2514992, -79.8793833",1
158,Así de rápido delincuentes asaltaron a una persona que subía en su vehículo en urdesa al norte de la ciudad;,2022-04-01 09:27:48,"-2.1620979, -79.9116519",1
159,6 delincuentes en 3 motos asaltaron a una persona en la florida norte;,2022-03-20 22:24:39,"27.6648274, -81.5157535",1
160,Roban a un estudiante en el cerro Santa Ana,2022-03-14 19:23:46,"-2.1821129, -79.8755336",1
161,"Así vivieron los moradores de la fragata al sur de la ciudad, un doble caso de sicariato dónde también se reporta que uno de los pistoleros sufrió un accidente cuando trato de huir y fue ajusticiado por el Populacho",2022-03-11 18:42:28,"54.5259614, -105.2551187",1
162,Evacuan una escuela ubicada en el Trinipuerto por una supuesta amenaza de Bomba,2022-03-11 18:29:34,"-2.2402791, -79.9220686",1
163,Delincuentes robaron algunos objetos que estaban en un carro que se encontraba parqueado en Samames 4,2022-03-10 17:48:36,"-2.1138988, -79.899003",1
164,Reportan que una persona asesinada y embalada fue dejada abandonada en el sector de la Juan Montalvo al norte de la ciudad,2022-03-08 13:25:29,,1
165,Delincuentes asaltaron un local de accesorios de celulares en Urdesa al norte de la ciudad;,2022-03-07 12:13:16,"-2.1620979, -79.9116519",1
166,Delincuentes asaltaron una avícola ubicada en el Limonal al norte de la ciudad,2022-03-07 11:36:27,"10.2640341, -85.02074739999999",1
167,Un caso de sicariato se registró en la cooperativa Guayas y Quil en el sector de Guasmo Sur,2022-03-06 09:56:49,"-2.2805355, -79.8757351",1
168,"Vehículo se incendió luego de que le arrojaron un objeto explosivo, sucedió en Sauces 5",2022-03-04 08:36:48,,1
169,Sujeto en menos de un minuto se robo un vehículo de mucho lote 1 etapa 4,2022-02-11 21:21:58,"-2.0817392, -79.9206694",1
170,"Pánico en la entrada de la 8, debido a que se registró un caso de sicariato",2022-02-09 20:37:26,"-2.1230321, -79.9514464",1
171,Un caso de sicariato se registró en las Malvinas al sur de la ciudad,2022-02-06 17:35:46,"54.5259614, -105.2551187",1
172,Un caso de Sicariato se registró en el guasmo central,2022-02-05 14:43:25,"-2.2805355, -79.8757351",1
173,Delincuentes se le llevaron la moto a una persona en el sector de Claveles 1 al sur de la ciudad,2022-02-05 11:58:34,"54.5259614, -105.2551187",1
174,"3 Delincuentes asaltaron a un ciudadano en la puerta de su casa, sucedió en la floresta",2022-02-04 10:18:26,,1
175,Un centro de salud en Bastión Popular fue baleado además se reporta un doctor herido de bala en una pierna,2022-02-03 09:11:24,"-2.0844835, -79.9309719",1
176,"Se registró un caso de Sicariato en la florida norte, cerca a un UPC de la Policía",2022-01-16 22:35:48,"27.6648274, -81.5157535",1
177,Unidades especiales del GIR detonaron un artefacto explosivo en la Floresta 2 al sur de Guayaquil,2022-01-15 21:47:56,,1
178,Delincuentes en moto asaltaron a una persona en la Garzota al norte de la ciudad,2022-01-14 20:49:42,"-2.1478685, -79.8929407",1
179,Banda de delincuentes asaltan en el Barrio Garay en plena via,2022-01-12 20:20:17,"-2.196211, -79.90646439999999",1
180,"Se reporta una mujer asesinada en Pascuales, informes preliminares indican que se trataría de un femicidio",2022-01-12 20:16:24,"-2.0721549, -79.9345141",1
181,"Se reportó un sicariato en la cooperativa Nueva Granada , sector floresta 2",2022-01-11 19:37:49,,1
182,Se registró un caso de sicariato en la cooperativa Gallegos Lara,2022-01-11 18:56:32,,1
183,Delincuentes empujando se robaron un vehículo del sector de la guangala al sur de la ciudad,2022-01-10 17:45:26,,1
184,"Delincuentes en un vehículo intentaron robar a unas personas en el barrio del seguro, pero al final los pillos tuvieron que salir corriendo",2022-01-10 17:30:24,,1
185,Sujetos dejaron explosivos en los exteriores de un domicilio en la cooperativa Assad Bucaram ubicada en Pascuales,2022-01-10 14:25:20,"-2.0721549, -79.9345141",1
186,Un caso de sicariato se registró en Pascuales al norte de la ciudad,2022-01-09 11:15:36,"-2.0721549, -79.9345141",1
187,Delincuentes asaltaron a un grupo de personas incluso se robaron un vehículo en mucho lote 1;,2022-01-09 10:26:14,"-2.0817392, -79.9206694",1
0,"#Guayaquil En Floresta : Antes de quemar a los años viejos se dió un caso de sicariato sin importar que había menores de edad en el lugar,  El criminal huyó realizando disparos al aire",2023-01-01 06:43:00,,1
1,#Guayaquil Delincuentes asaltaron a personas que estaban comprando cervezas y celebrando el nuevo año en una tienda en el Guasmo Sur,2023-01-02 20:19:00,"-2.2805355, -79.8757351",1
2,#Guayaquil Delincuentes asaltaron en un local de comidas en el sector de Avenida del Ejército y Francisco Segura,2023-01-05 09:22:00,"-2.2162051, -79.90212799999999",1
3,#Guayaquil Cámaras de la Corporación para la Seguridad Ciudadana logró captar a 3 sospechosos que circulaban armados por el sector de Bastión Popular al norte de la ciudad posteriormente se coordinó con la Policía Nacional para que los puedan capturar,2023-01-05 10:51:00,"-2.0844835, -79.9309719",1
4,#Guayaquil Última Hora Videos muestran como quedó el carro luego de ataque de sicarios con armas largas en la Kennedy sector de Torres del Norte,2023-01-06 12:56:00,"-0.1407541, -78.4794568",1
5,"#Guayaquil Video muestra como policías capturaron a delincuentes luego de un enfrentamiento, sucedió en la Octava y Letamendi.. Esperemos que no salgan los de derechos humanos a defender a los pillos ..",2023-01-06 15:57:00,"-2.2126226, -79.912514",1
6,"#Guayaquil A la altura de la Juan Tanca Marengo, La Policía Nacional capturó a 2 de los 3 sujetos que participaron en el ataque armado en la Av. Miguel H Alcivar dejando como saldo un fallecido (víctima colateral) y un herido de gravedad en su poder se les encontró este armamento",2023-01-06 17:31:00,"-0.1407541, -78.4794568",1
7,#Guayaquil Momento donde sujetos en un helicóptero lanzaron un objeto en una cancha de una urbanización ubicada en la Vía a Daule,2023-01-07 13:39:00,,1
8,"#URGENTE ¡SICARIATO EN GUAYAQUIL! Hace minutos se dio un hecho de sicariato en la Av. del Bombero, en Los Ceibos, norte de #Guayaquil",2023-01-13 11:27:00,"-2.1666402, -79.94511349999999",1
9,"#Guayaquil Un caso de sicariato se registró en Colinas de la Florida cerca a la Av. Casuarina ( entrada de la 8 ) Ese sector ha sido noticia en esta semana debido a varios hechos violentos, Moradores piden ayuda a la Policía Nacional",2023-01-14 17:38:00,"-2.1230321, -79.9514464",1
10,#Guayaquil Vean como actúan los delincuentes que se llevan los accesorios de vehículos en la Cdla Urdenor al norte de la ciudad,2023-01-14 18:43:00,"-2.1462974, -79.90317759999999",1
11,#Guayaquil Delincuentes se le robaron la moto a un ciudadano en el Suroeste de la Ciudad,2023-01-16 20:15:00,"-2.2277542, -79.93954389999999",1
12,"#Guayaquil Delincuentes asaltaron a personas en los exteriores de su domicilio en la Garzota 1, estos mismos pillos también se pasean por los sectores de la Kennedy",2023-01-17 14:40:00,"-2.1478685, -79.8929407",1
13,"#Guayaquil Agentes Metropolitanos detuvieron a 2 delincuentes que se subieron a un bus de la línea 121 para asaltar a sus pasajeros para luego entregarlos a la Policía Nacional, sucedió en la Av. Juan Tanga Marengo",2023-01-17 15:29:00,,1
14,"#Guayaquil Gracias a las cámaras de la Corporación para la Seguridad Ciudadana se logró captar a los que incendiaron un kiosko en la calle Pedro Moncayo entre Vélez y 9 de Octubre, para luego dar la voz de alerta a la policía nacional que los atraparon cuadras más adelante",2023-01-18 12:00:00,"-2.194905, -79.884937",1
15,#Guayaquil Delincuente fue captado mientras robaba a un vehículo en el sector de la Rumichaca,2023-01-18 20:40:00,"-2.194905, -79.884937",1
16,"#Guayaquil Delincuentes aprovecha la madrugada para robarse una bicicleta, en el sector de la Martha de Roldos.",2023-01-19 09:22:00,"-2.2758147, -79.887782",1
17,"#Guayaquil Alrededor de 8 muertos en 6 dias van en el sector de la casuarina ( mejor conocido como Entrada de la 8 ), entre las víctimas se encuentran comerciantes que no pagan la famosa "" Vacuna "", además del tema de pelea entre bandas. Piden más patrullaje de la @PoliciaEcuador",2023-01-19 10:31:00,"-2.1230321, -79.9514464",1
18,#Guayaquil Delincuente fue capturado cuando robaba en el sector de Lomas de la Florida al norte de la ciudad,2023-01-19 12:14:00,"27.6648274, -81.5157535",1
19,#Guayaquil Un intento de sicariato se registró en la Martha de Roldos dejando como saldo 2 heridos ..,2023-01-19 16:07:00,"-2.2758147, -79.887782",1
20,"#Guayaquil Ciudadano se enfrentó con un delincuente que le robó su celular, sucedió en Guayacanes",2023-01-19 16:44:00,"18.4249461, -69.4575979",1
21,"#Guayaquil Indignante como un cobarde delincuente apunta con su arma para robarle a una mujer que se encontraba haciendo un depósito, no contento con eso la golpea al momento de huir. Sucedió en la cooperativa Pancho Jacome, a metros de una Unidad de Vigilancia Comunitaria",2023-01-24 18:26:00,,1
22,"#Guayaquil En la Florida Norte cerca al complejo judicial, extorsionadores fueron a un cyber para dejar un papel con amenazas.",2023-01-25 08:28:00,"27.6648274, -81.5157535",1
23,"#Guayaquil Última Hora Reportan un caso de sicariato en el sector de la 28 y la H, suburbio de la ciudad",2023-01-25 23:06:00,"-2.2277542, -79.93954389999999",1
24,#Guayaquil 4 Delincuentes en 2 motos robaron en una tienda ubicada en el sector de la Ladrillera,2023-01-26 15:17:00,"-2.1230321, -79.9514464",1
25,#Guayaquil Delincuentes que circulaban en un vehículo robaron en un comedor ubicado en el suburbio de la ciudad,2023-01-26 17:29:00,"-2.2277542, -79.93954389999999",1
26,"#Guayaquil Un intento de robo contra el dueño de un restaurante se registró cerca al Garzocentro, los ladrones al verse acorralados abrieron fuego contra unos guardaespaldas.. Los pillos huyeron del sitio además no se registraron heridos",2023-01-26 20:34:00,"-2.1478685, -79.8929407",1
27,#Guayaquil Delincuentes en tricimoto asaltaron a unas estudiantes en el suburbio de la ciudad,2023-01-27 18:23:00,"-2.2277542, -79.93954389999999",1
28,#Guayaquil Delincuentes en tricimoto asaltaron a unas estudiantes en el suburbio de la ciudad,2023-01-27 18:23:00,"-2.2277542, -79.93954389999999",1
29,"#Guayaquil Delincuentes asaltaron en un parque de la primera etapa de la Alborada para luego huir en una moto, sucedió al norte de la ciudad",2023-01-27 19:22:00,,1
30,#Guayaquil Delincuentes fueron capturados a altura del viaducto de la Prosperina al norte de la ciudad,2023-01-28 18:45:00,,1
31,#Guayaquil 4 delincuentes en total fueron que los que la policía nacional logró capturar a la altura del viaducto de la Prosperina luego de cometer un doble sicariato en el sector de la Juan Montalvo,2023-01-28 21:04:00,,1
32,#Guayaquil Hace pocos minutos. Se reportó un caso de sicariato atrás de Villa España Etapa Mallorca,2023-01-29 17:36:00,"-2.0817392, -79.9206694",1
33,"#Guayaquil 3 Delincuentes asaltaron violentamente en un bus en la Av. Narcisa de Jesús, incluso se vee que disparan en el interior de la unidad.",2023-01-29 18:53:00,"-2.1035171, -79.9559316",1
34,Actualización : 4 muertos y 2 heridos dejo el ataque armados a un centro de rehabilitación en la nueva prosperina al norte de la ciudad,2023-02-24 01:40:00,"-2.1222554, -79.9679769",1
35,Policías de civil capturaron a unos sujetos que se dedican a la extorsión a comerciantes en el sector de paraíso de la flor al norte de la ciudad,2023-02-24 04:22:00,"-2.1035171, -79.9559316",1
36,"Cámaras del ECU 911 en coordinación con la policía nacional capturaron a un delincuente que asaltó a una persona en la vía Perimetral cerca al hospital Universitario, el robo quedó registrado mientras la víctima pedía ayuda",2023-02-24 12:15:00,"-2.0963827, -79.9430537",1
37,"Delicuentes asaltaron a personas que llegaban a su domicilio luego de hacer unas compras, sucedio en los Ceibos a unos cuantos metros de un UPC",2023-02-25 11:24:00,"-2.1666402, -79.94511349999999",1
38,Ciudadanos le dieron una dosis de paloterapia a un delincuente que estaba robando por el sector del parque Forestal,2023-02-25 13:42:00,"-2.2124625, -79.9008714",1
39,"Delincuentes asaltaron en el TIA ubicado en Villa España al norte de la ciudad, los delincuentes llegaron al sitio con un combo y armas de grueso calibre La policía llegó tiempo después solo para tomar declaraciones a los empleados del lugar",2023-02-25 18:24:00,"-2.0817392, -79.9206694",1
40,"Repartidor sufrió el robo de su moto en Urdesa al norte de la ciudad, debido a que puso resistencia recibió un disparo por parte de los hampones",2023-02-25 23:43:00,"-2.1620979, -79.9116519",1
41,"Agentes de la UNASE rescataron a 2 menores de edad que fueron encerrados en un domicilio debido a que su propio padre queria atentar contra la vida de los infantes, sucedió en la isla trinitaria al sur de la ciudad",2023-02-26 21:34:00,"-2.2402791, -79.9220686",1
42,"Ciudadano fue capturado por la policía nacional luego de realizar disparos al aire, algunos vecinos dieron la voz de alerta a las autoridades aunque otros moradores del lugar trataron de evitar el operativo, sucedió en el Guasmo Sur",2023-02-27 12:54:00,"-2.2805355, -79.8757351",1
43,Un doble caso de sicariato se registró en la Av Casuarina sector conocido como la entrada de la 8 a pocos metros de un UPC,2023-02-27 13:51:00,"-2.1230321, -79.9514464",1
44,Un nuevo caso de sicariato se registró en el interior de un taller ubicado en la 19 y Cuenca al sur de la ciudad,2023-02-27 14:27:00,,1
45,3 Delincuentes en una tricimoto asaltaron a un ciudadano en el Guasmo Sur,2023-03-06 22:59:00,"-2.2805355, -79.8757351",1
46,Delincuentes robaron un bus de la línea 21 lleno de pasajeros en el sector de Mall del Fortin al norte de la ciudad,2023-03-07 09:05:00,,1
47,Una mujer fue secuestrada mientras atendía su negocio en el suburbio de la ciudad,2023-03-07 12:17:00,"-2.2277542, -79.93954389999999",1
48,Una conocida panadería fue objeto de un atentado con un artefacto explosivo en la Av. Carlos Luis Plaza Dañin al norte de la ciudad,2023-03-08 07:56:00,"-0.1407541, -78.4794568",1
49,"Un ciudadano recibió un disparo cuando le robaban su vehículo, En la ciudadela Coviem al sur de la ciudad",2023-03-08 08:18:00,,1
50,"Un dueño de un negocio de camisas fue baleado por sujetos en moto en la Av Francisco de Orellana cerca al riocentro norte, se habla del tema de ""vacunas""",2023-03-09 18:54:00,,1
51,"Un intento de secuestró express ocurrió en el suburbio, los delincuentes no lograron el crimen debido a que sufrieron un accidente de tránsito para luego huir del lugar",2023-03-11 10:22:00,"-2.2277542, -79.93954389999999",1
52,Extorsionadores detonaron un artefacto explosivo en un local de la Prosperina al norte de la ciudad,2023-03-24 23:09:00,,1
53,"Extorsionadores detonaron un artefacto explosivo en una farmacia por no pagar la ""vacuna"", esto ocurrió en la Av. Casuarina sector conocido como la Entrada de la 8 y a pocos metros de un UPC ",2023-03-26 10:31:00,"-2.1230321, -79.9514464",1
54,"Delincuente asaltó a una familia que atendía su negocio en el suburbio de la ciudad, tanta es la sinvergüenza del pillo que le pide la clave de los celulares",2023-03-26 14:14:00,"-2.2277542, -79.93954389999999",1
55,Video muestra la magnitud de la explosión por parte del artefacto que fue lanzado en una estación de buses en la Cooperativa de Pascuales al norte de la ciudad,2023-04-04 23:06:00,"-2.0721549, -79.9345141",1
56,"Cerca de las 03:00 un carro bomba estalló en la Isla Trinitaria atrás de la gasolinera terpel, recordar que en ese sector en la tarde y noche de este Jueves se reportaron 3 muertes violentas.",2023-04-07 05:34:00,"-2.2402791, -79.9220686",1
57,"Extorsionadores llegaron a una farmacia en Bastión Popular Bloque 4 para pedirle la "" Vacuna """,2023-04-07 10:21:00,"-2.0844835, -79.9309719",1
58,Secuestradores de menores de edad fueron capturados por agentes metropolitanos y luego entregados a la policía nacional,2023-04-26 16:43:00,,1
59,Un taco de dinamita fue dejado en una carnicería ubicada en Mucho Lote 1 al norte de la ciudad,2023-04-27 10:58:00,"-2.0817392, -79.9206694",1
60,Un ciudadano falleció después de ser atacado con una arma blanca en el sector del mercado de las 4 Manzanas,2023-04-27 14:16:00,"-2.2109623, -79.8884819",1
61,Agentes del GIR desactivan un artefacto explosivo en los exteriores del complejo judicial de la Alban Borja al norte de la ciudad,2023-04-28 14:32:00,"-12.1218773, -77.03053899999999",1
62,"En la Isla Trinitaria, delincuentes se metieron a robar en un domicilio posteriormente salió un vecino a realizar disparos al aire para ahuyentar a los criminales",2023-04-29 09:38:00,"-2.2402791, -79.9220686",1
63,"Una balacera entre delincuentes se registró en Pascuales al norte de la ciudad, todo se debería a la pelea de territorio",2023-04-29 11:09:00,"-2.0721549, -79.9345141",1
64,"Después de una persecución, un grupo de delincuentes fueron capturados cerca al Centro de Convenciones",2023-04-29 11:12:00,"-2.1534532, -79.887782",1
65,"Una balacera entre delincuentes se registró en Pascuales al norte de la ciudad, todo se debería a la pelea de territorio",2023-04-29 11:19:00,"-2.0721549, -79.9345141",1
66,"Policía nacional llegó a las calles 13 y Gómez Rendón en dónde sujetos armados dispararon contra varias personas, de forma preliminar se habla de 7 muertos y varios heridos",2023-04-29 22:18:00,,1
67,Policías acuden a Monte Sinai debido a que delincuentes dispararon contra un patrullero,2023-04-30 12:54:00,"34.0165053, -118.1137535",1
68,Sujeto fue captado mientras arrojaba panfletos en Isla Trinitaria al sur de la ciudad,2023-05-01 05:53:00,"-2.2402791, -79.9220686",1
69,Agentes de la Policía Nacional capturaron a un delincuente en el momento que iba a robar en un bus de pasajeros en el sector de la Entrada de la 8 al norte de la ciudad,2023-05-03 09:12:00,"-2.1230321, -79.9514464",1
70,"Video muestra como fueron dado de baja por la policía nacional, 2 de los 3 delincuentes que intentaron robar a una persona en los exteriores del Garzocentro",2023-05-03 14:05:00,"-2.1478685, -79.8929407",1
71,Sujeto con amenazas se acercó a un negocio ubicado en Mucho lote para pedir dinero para luego huir en su bicicleta,2023-05-03 21:22:00,"-2.0817392, -79.9206694",1
72,"Solo en Guayaquil: Delincuente fingió conocer a su víctima para luego con un cuchillo robarle sus pertenencias, ocurrió en las Malvinas al sur de la ciudad",2023-05-04 11:00:00,"-2.2338739, -79.90368699999999",1
73,"Policía nacional capturó a un presunto sicario en el sector de Plaza Empresarial Colón , en su poder se le encontró armas de fuego",2023-05-06 23:20:00,"9.914330699999999, -84.2419551",1
74,Extorsionador llegó con un papel a un negocio ubicado en Los Vergeles,2023-05-07 17:22:00,"-2.2514992, -79.8793833",1
75,Urgente Reportan una explosión en un domicilio ubicado en las esclusas sector el Guasmo al sur de la ciudad,2023-05-24 11:57:00,"-2.2805355, -79.8757351",1
76,Momentos donde quedo abatido el delincuente que intentó abrir un taxi para robar a una mujer en el sector de Jardines de la Esperanza al norte de la ciudad,2023-05-24 17:01:00,,1
77,Camara de seguridad captó cómo fue el sicariato en Sauces 3 al norte de la ciudad,2023-05-26 09:35:00,,1
78,Sujetos intentaron robar en una peluquería ubicada en Samanes 7 ...,2023-05-26 09:36:00,"-2.1138988, -79.899003",1
79,"Cómo aves de rapiñas, 3 Delincuentes se bajaron de una tricimoto y le intentaron robar la moto a una persona en el sector de Las Malvinas al ver que no la pudieron encender huyeron del sitio",2023-05-26 13:59:00,"54.5259614, -105.2551187",1
80,Escena de un caso de sicariato ocurrido en el Fortín en el sector conocido como Consolata al norte de la ciudad,2023-06-24 11:37:00,,1
81,2 personas fueron víctima de sicariato cuando se encontraban en el interior de un vehículo que estaba parqueado en una gasolinera ubicada en la Av Narcisa de Jesus ...,2023-06-24 21:24:00,"10.4833951, -66.8583763",1
82,Crónica de este Sábado: - Artefacto explosivo en el suburbio - Sicariato en Flor de Bastión Bloque 6 - Doble sicariato en la Av Narcisa de Jesus - Sicariato en Monte Sinai - Madre e hijo menor de edad asesinados en el Guasmo Norte - Sicariato en el Fortín,2023-06-24 23:05:00,"-2.1035171, -79.9559316",1
83,"Noche de terror al noroeste de la ciudad: 3 muertos dejó como saldo un nuevo ataque armado en el sector conocido como "" Las Cañas """,2023-06-25 09:56:00,"-2.1222554, -79.9679769",1
84,Sujetos dispararon contra varias personas en las calles 33 y Nicolás Augusto González,2023-06-25 18:45:00,"-2.2165327, -79.92324719999999",1
85,Delincuente fue golpeado por pasajeros cuando intentó robar en un bus en el suburbio de la ciudad,2023-06-26 10:21:00,"-2.2277542, -79.93954389999999",1
86,"Delincuente fue golpeado por moradores cuando intentó robar en un domicilio, ocurrió en la cdla 9 de octubre al sur de la ciudad",2023-06-26 10:40:00,,1
87,Un ciudadano fue secuestrado y abandonado en la 17 y callejón M en el suburbio de la ciudad,2023-06-27 06:51:00,"-2.2277542, -79.93954389999999",1
88,"Minutos después del enfrentamiento entre policías que realizaban trabajos preventivos y delincuentes en el centro de la ciudad, dejó como saldo un pillo abatido y otro herido",2023-06-27 14:15:00,"-2.194905, -79.884937",1
89,Policia dio de baja un delincuente mientras que otro resultó herido despues de que intentaron robar en las calles 10 de Agosto y Garcia Avilés sector céntrico de la ciudad de Guayaquil,2023-06-27 14:23:00,"-2.194905, -79.884937",1
90,Reportan varios muertos en el sector de la Balerio Estacio al noroeste de la ciudad,2023-06-27 19:33:00,,1
91,Sujetos se grabaron después de balear a varias personas en un parque de La Floresta 2 al sur de la ciudad de Guayaquil,2023-06-27 20:44:00,,1
92,"En un bus de la línea 79, un ladrón con cuchillo agrede a estudiantes que venían en el mismo vehículo. El hecho ocurrió cuando la unidad circulaba por las calles Cuenca y José Mascote, centro de Guayaquil.",2023-06-29 17:54:00,"-2.194905, -79.884937",1
93,Camara de seguridad captó a un sujeto armado que cometió un caso de sicariato en el sector de la Juan Montalvo al norte de la ciudad,2023-06-29 21:53:00,,1
94,Reportan una amenaza de bomba en la Corte Provincial ubicada en las calles Quito y 9 de Octubre,2023-06-30 16:12:00,"-2.194905, -79.884937",1
95,Un caso de sicariato ocurrió en el interior de una barbería ubicada en la cooperativa 12 de octubre en Mapasingue Oeste,2023-06-30 16:24:00,"-2.155993, -79.9215725",1
96,Reportan balacera en la Penitenciaria del Litoral hasta el momento se desconoce que pabellones se están enfrentando,2023-06-30 17:12:00,"-2.0721549, -79.9345141",1
97,"Durante una balacera que se registró en el Guasmo Sur, ciudadanos tuvieron que empujar un patrullero que se quedó dañado en media calle",2023-07-01 07:40:00,"-2.2805355, -79.8757351",1
98,Un caso de sicariato ocurrió en una parada de mototaxis en el Fortín al norte de la ciudad,2023-07-01 14:36:00,,1
99,"5 serían los fallecidos debido al múltiple caso de sicariato en el sector de la 25 de Julio , las víctimas al parecer son técnicos en refrigeración en una almacenera de contenedores",2023-07-01 22:10:00,"-2.2438091, -79.9066763",1
100,Reportan nuevo ataque con explosivo en una estación de buses ubicada en el sector de Pascuales al norte de la ciudad,2023-07-01 22:16:00,"-2.0721549, -79.9345141",1
101,Solo en la noche de ayer : - 5 fallecidos por un ataque armado en la Av 25 de Julio - Bomba en una parada de buses en Pascuales - Sicariato en la 16 y la E en el suburbio de la ciudad - Sicariato en la 18 y el Oro - Sicariato en la Av 4ta de Mapasingue Oeste,2023-07-02 13:16:00,"-2.0721549, -79.9345141",1
102,Delincuentes asaltaron en una lavadora de vehículos en las calles 11ava y Medardo Angel Silva,2023-07-02 13:21:00,,1
103,Extorsionadores repartieron panfletos en una farmacia ubicada en la Fragata al sur de la ciudad,2023-07-02 16:08:00,"54.5259614, -105.2551187",1
104,"En la Isla Trinitaria al Sur de Guayaquil un sujeto que escapaba con una moto robada y que apuntó con un arma a un agente de la Policía Nacional fue atropellado por un patrullero, donde cayó al pavimento y murió",2023-07-05 11:40:00,"-2.2402791, -79.9220686",1
105,"Despues de una persecución, la policía nacional capturó a delincuentes que se trasladaban en un vehículo, ocurrió en las Malvinas al sur de la ciudad",2023-07-05 14:16:00,"54.5259614, -105.2551187",1
106,Extorsionador fue golpeado después de visitar algunos negocios en el sector de Bastion Popular al norte de la ciudad,2023-07-05 22:03:00,"-2.0844835, -79.9309719",1
107,"Ciudadanos atraparon y golpearon a un delincuente que con cuchillo en mano le robó a una mujer , ocurrió en Los Esteros al sur de la ciudad",2023-07-08 20:31:00,"-2.2438091, -79.9066763",1
108,"Urgente Reportan una masacre en el interior de una vivienda ubicada en el sector de la florida al norte de la ciudad, se habla que son 6 los fallecidos Además se reportan varios hechos violentos en diferentes partes de la ciudad",2023-07-09 11:47:00,"27.6648274, -81.5157535",1
109,"Sujetos armados dispararon contra personas que se encontraban en un domicilio en el sector de la Fragata al sur de la ciudad, en total se reportaron 4 heridos",2023-07-09 17:58:00,"-2.2438091, -79.9066763",1
110,"Videos muestran lo sucedido en el sector de 7 lagos donde después de la balacera se registraron varios incidentes, se habla de 2 fallecidos en el lugar y varios heridos",2023-07-10 06:36:00,"-2.2553371, -79.9000381",1
111,Se reporta un doble sicariato en el sector de Flor de Bastion Bloque 21,2023-07-11 13:12:00,"-2.1035171, -79.9559316",1
112,Varios heridos dejó un nuevo ataque armado registrado en un sector del Guasmo Sur,2023-07-11 17:14:00,"-2.2805355, -79.8757351",1
113,Un ciudadano recibió varios disparos en el sector de Fertisa al sur de la ciudad,2023-07-12 08:25:00,"-2.2553371, -79.9000381",1
114,Un cuerpo desmembrado y embalado fue encontrado en el sector de Nueva Prosperina al norte de la ciudad,2023-07-12 08:59:00,"-2.1222554, -79.9679769",1
115,Delincuentes asaltaron en un local de ropa ubicado en plena bahía de la ciudad,2023-07-13 10:51:00,"-2.194905, -79.884937",1
116,Delincuente fue neutralizado cuando intentó robar en el sector de Montebello al norte de la ciudad,2023-07-13 11:11:00,"34.0165053, -118.1137535",1
117,"Delincuentes destrozaron un negocio porque el dueño se negó a pagar la vacuna, ocurrió en un sector de la Juan Montalvo al norte de la ciudad",2023-07-13 12:32:00,"-2.187904, -79.881483",1
118,"Ciudadano capturó a un delincuente que le intentó robar en un sector del suburbio de la ciudad, para luego esperar a que algún policía se lo lleve detenido",2023-07-14 09:50:00,"-2.2277542, -79.93954389999999",1
